{
  "Author": "Shotoff Cool",
  "Compatibility": "Compatible",
  "DefuserDifficulty": "VeryEasy",
  "Description": "Solve the 4 stages by selecting the correct port. Tags: 7-buttons, white-buttons, submit",
  "ExpertDifficulty": "Easy",
  "ModuleID": "notPortCheck",
  "Name": "Not Port Check",
  "Origin": "Mods",
  "Published": "2025-02-17",
  "SortKey": "NOTPORTCHECK",
  "SourceUrl": "https://github.com/ShotoffCool/ktanenotportchecker",
  "SteamID": "3429447335",
  "Symbol": "Npc",
  "Type": "Regular"
}